College/School,Department,Intended Major,Neither Parent has 4 Year College Degree,Applicant Headcounts,Academic Yr,('SIRed')
Clg of Chemistry,Chem & Biomolecular Eng,Chem Eng/MSE Joint Major,N,8,2015-16,(SIRed)
Clg of Chemistry,Chem & Biomolecular Eng,Chem Eng/MSE Joint Major,N,0,2016-17,(SIRed)
Clg of Chemistry,Chem & Biomolecular Eng,Chem Eng/MSE Joint Major,N,2,2017-18,(SIRed)
Clg of Chemistry,Chem & Biomolecular Eng,Chem Eng/MSE Joint Major,U,,2015-16,(SIRed)
Clg of Chemistry,Chem & Biomolecular Eng,Chem Eng/MSE Joint Major,U,1,2017-18,(SIRed)
Clg of Chemistry,Chem & Biomolecular Eng,Chem Eng/MSE Joint Major,Y,4,2015-16,(SIRed)
Clg of Chemistry,Chem & Biomolecular Eng,Chem Eng/MSE Joint Major,Y,3,2016-17,(SIRed)
Clg of Chemistry,Chem & Biomolecular Eng,Chem Eng/MSE Joint Major,Y,4,2017-18,(SIRed)
Clg of Chemistry,Chem & Biomolecular Eng,Chem Eng/NE Joint Major,N,1,2015-16,(SIRed)
Clg of Chemistry,Chem & Biomolecular Eng,Chem Eng/NE Joint Major,N,1,2016-17,(SIRed)
Clg of Chemistry,Chem & Biomolecular Eng,Chem Eng/NE Joint Major,N,2,2017-18,(SIRed)
Clg of Chemistry,Chem & Biomolecular Eng,Chem Eng/NE Joint Major,U,0,2016-17,(SIRed)
Clg of Chemistry,Chem & Biomolecular Eng,Chem Eng/NE Joint Major,U,0,2017-18,(SIRed)
Clg of Chemistry,Chem & Biomolecular Eng,Chem Eng/NE Joint Major,Y,3,2015-16,(SIRed)
Clg of Chemistry,Chem & Biomolecular Eng,Chem Eng/NE Joint Major,Y,4,2016-17,(SIRed)
Clg of Chemistry,Chem & Biomolecular Eng,Chem Eng/NE Joint Major,Y,1,2017-18,(SIRed)
Clg of Chemistry,Chem & Biomolecular Eng,Chemical Engineering,N,12,2015-16,(SIRed)
Clg of Chemistry,Chem & Biomolecular Eng,Chemical Engineering,N,20,2016-17,(SIRed)
Clg of Chemistry,Chem & Biomolecular Eng,Chemical Engineering,N,12,2017-18,(SIRed)
Clg of Chemistry,Chem & Biomolecular Eng,Chemical Engineering,U,,2015-16,(SIRed)
Clg of Chemistry,Chem & Biomolecular Eng,Chemical Engineering,U,0,2016-17,(SIRed)
Clg of Chemistry,Chem & Biomolecular Eng,Chemical Engineering,U,1,2017-18,(SIRed)
Clg of Chemistry,Chem & Biomolecular Eng,Chemical Engineering,Y,9,2015-16,(SIRed)
Clg of Chemistry,Chem & Biomolecular Eng,Chemical Engineering,Y,20,2016-17,(SIRed)
Clg of Chemistry,Chem & Biomolecular Eng,Chemical Engineering,Y,9,2017-18,(SIRed)
Clg of Chemistry,Chemistry,Chemical Biology,N,4,2015-16,(SIRed)
Clg of Chemistry,Chemistry,Chemical Biology,N,5,2016-17,(SIRed)
Clg of Chemistry,Chemistry,Chemical Biology,N,10,2017-18,(SIRed)
Clg of Chemistry,Chemistry,Chemical Biology,U,,2015-16,(SIRed)
Clg of Chemistry,Chemistry,Chemical Biology,U,1,2016-17,(SIRed)
Clg of Chemistry,Chemistry,Chemical Biology,U,0,2017-18,(SIRed)
Clg of Chemistry,Chemistry,Chemical Biology,Y,9,2015-16,(SIRed)
Clg of Chemistry,Chemistry,Chemical Biology,Y,5,2016-17,(SIRed)
Clg of Chemistry,Chemistry,Chemical Biology,Y,7,2017-18,(SIRed)
Clg of Chemistry,Chemistry,Chemistry,N,16,2015-16,(SIRed)
Clg of Chemistry,Chemistry,Chemistry,N,5,2016-17,(SIRed)
Clg of Chemistry,Chemistry,Chemistry,N,9,2017-18,(SIRed)
Clg of Chemistry,Chemistry,Chemistry,U,2,2015-16,(SIRed)
Clg of Chemistry,Chemistry,Chemistry,U,1,2016-17,(SIRed)
Clg of Chemistry,Chemistry,Chemistry,U,0,2017-18,(SIRed)
Clg of Chemistry,Chemistry,Chemistry,Y,6,2015-16,(SIRed)
Clg of Chemistry,Chemistry,Chemistry,Y,11,2016-17,(SIRed)
Clg of Chemistry,Chemistry,Chemistry,Y,14,2017-18,(SIRed)
Clg of Engineering,Bioengineering,Bioengineering,N,3,2015-16,(SIRed)
Clg of Engineering,Bioengineering,Bioengineering,N,4,2016-17,(SIRed)
Clg of Engineering,Bioengineering,Bioengineering,N,6,2017-18,(SIRed)
Clg of Engineering,Bioengineering,Bioengineering,U,,2015-16,(SIRed)
Clg of Engineering,Bioengineering,Bioengineering,U,0,2016-17,(SIRed)
Clg of Engineering,Bioengineering,Bioengineering,U,0,2017-18,(SIRed)
Clg of Engineering,Bioengineering,Bioengineering,Y,3,2015-16,(SIRed)
Clg of Engineering,Bioengineering,Bioengineering,Y,3,2016-17,(SIRed)
Clg of Engineering,Bioengineering,Bioengineering,Y,2,2017-18,(SIRed)
Clg of Engineering,Civil & Environmental Eng,Civil Engineering,N,9,2015-16,(SIRed)
Clg of Engineering,Civil & Environmental Eng,Civil Engineering,N,11,2016-17,(SIRed)
Clg of Engineering,Civil & Environmental Eng,Civil Engineering,N,11,2017-18,(SIRed)
Clg of Engineering,Civil & Environmental Eng,Civil Engineering,U,,2015-16,(SIRed)
Clg of Engineering,Civil & Environmental Eng,Civil Engineering,U,0,2016-17,(SIRed)
Clg of Engineering,Civil & Environmental Eng,Civil Engineering,U,0,2017-18,(SIRed)
Clg of Engineering,Civil & Environmental Eng,Civil Engineering,Y,5,2015-16,(SIRed)
Clg of Engineering,Civil & Environmental Eng,Civil Engineering,Y,12,2016-17,(SIRed)
Clg of Engineering,Civil & Environmental Eng,Civil Engineering,Y,10,2017-18,(SIRed)
Clg of Engineering,Electrical Eng & Computer Sci,Electrical Eng & Comp Sci,N,40,2015-16,(SIRed)
Clg of Engineering,Electrical Eng & Computer Sci,Electrical Eng & Comp Sci,N,40,2016-17,(SIRed)
Clg of Engineering,Electrical Eng & Computer Sci,Electrical Eng & Comp Sci,N,44,2017-18,(SIRed)
Clg of Engineering,Electrical Eng & Computer Sci,Electrical Eng & Comp Sci,U,,2015-16,(SIRed)
Clg of Engineering,Electrical Eng & Computer Sci,Electrical Eng & Comp Sci,U,2,2016-17,(SIRed)
Clg of Engineering,Electrical Eng & Computer Sci,Electrical Eng & Comp Sci,U,2,2017-18,(SIRed)
Clg of Engineering,Electrical Eng & Computer Sci,Electrical Eng & Comp Sci,Y,38,2015-16,(SIRed)
Clg of Engineering,Electrical Eng & Computer Sci,Electrical Eng & Comp Sci,Y,42,2016-17,(SIRed)
Clg of Engineering,Electrical Eng & Computer Sci,Electrical Eng & Comp Sci,Y,54,2017-18,(SIRed)
Clg of Engineering,Engineering Joint Programs,EECS/MSE Joint Major,Y,,2015-16,(SIRed)
Clg of Engineering,Engineering Science,Energy Engineering,N,,2015-16,(SIRed)
Clg of Engineering,Engineering Science,Energy Engineering,N,1,2016-17,(SIRed)
Clg of Engineering,Engineering Science,Energy Engineering,N,3,2017-18,(SIRed)
Clg of Engineering,Engineering Science,Energy Engineering,U,,2015-16,(SIRed)
Clg of Engineering,Engineering Science,Energy Engineering,U,0,2017-18,(SIRed)
Clg of Engineering,Engineering Science,Energy Engineering,Y,,2015-16,(SIRed)
Clg of Engineering,Engineering Science,Energy Engineering,Y,0,2016-17,(SIRed)
Clg of Engineering,Engineering Science,Energy Engineering,Y,0,2017-18,(SIRed)
Clg of Engineering,Engineering Science,Eng Math & Statistics,N,,2015-16,(SIRed)
Clg of Engineering,Engineering Science,Eng Math & Statistics,N,0,2016-17,(SIRed)
Clg of Engineering,Engineering Science,Eng Math & Statistics,N,2,2017-18,(SIRed)
Clg of Engineering,Engineering Science,Eng Math & Statistics,U,0,2016-17,(SIRed)
Clg of Engineering,Engineering Science,Eng Math & Statistics,Y,1,2015-16,(SIRed)
Clg of Engineering,Engineering Science,Eng Math & Statistics,Y,0,2016-17,(SIRed)
Clg of Engineering,Engineering Science,Eng Math & Statistics,Y,0,2017-18,(SIRed)
Clg of Engineering,Engineering Science,Engineering Physics,N,3,2015-16,(SIRed)
Clg of Engineering,Engineering Science,Engineering Physics,N,1,2016-17,(SIRed)
Clg of Engineering,Engineering Science,Engineering Physics,N,3,2017-18,(SIRed)
Clg of Engineering,Engineering Science,Engineering Physics,Y,,2015-16,(SIRed)
Clg of Engineering,Engineering Science,Engineering Physics,Y,0,2016-17,(SIRed)
Clg of Engineering,Engineering Science,Engineering Physics,Y,0,2017-18,(SIRed)
Clg of Engineering,Engineering Science,Environmental Eng Science,N,,2015-16,(SIRed)
Clg of Engineering,Engineering Science,Environmental Eng Science,N,0,2016-17,(SIRed)
Clg of Engineering,Engineering Science,Environmental Eng Science,N,0,2017-18,(SIRed)
Clg of Engineering,Engineering Science,Environmental Eng Science,U,,2015-16,(SIRed)
Clg of Engineering,Engineering Science,Environmental Eng Science,U,1,2017-18,(SIRed)
Clg of Engineering,Engineering Science,Environmental Eng Science,Y,1,2015-16,(SIRed)
Clg of Engineering,Engineering Science,Environmental Eng Science,Y,1,2016-17,(SIRed)
Clg of Engineering,Engineering Science,Environmental Eng Science,Y,0,2017-18,(SIRed)
Clg of Engineering,Industrial Eng & Ops Research,Industrial Eng & Ops Rsch,N,4,2015-16,(SIRed)
Clg of Engineering,Industrial Eng & Ops Research,Industrial Eng & Ops Rsch,N,4,2016-17,(SIRed)
Clg of Engineering,Industrial Eng & Ops Research,Industrial Eng & Ops Rsch,N,4,2017-18,(SIRed)
Clg of Engineering,Industrial Eng & Ops Research,Industrial Eng & Ops Rsch,U,,2015-16,(SIRed)
Clg of Engineering,Industrial Eng & Ops Research,Industrial Eng & Ops Rsch,U,1,2016-17,(SIRed)
Clg of Engineering,Industrial Eng & Ops Research,Industrial Eng & Ops Rsch,U,0,2017-18,(SIRed)
Clg of Engineering,Industrial Eng & Ops Research,Industrial Eng & Ops Rsch,Y,6,2015-16,(SIRed)
Clg of Engineering,Industrial Eng & Ops Research,Industrial Eng & Ops Rsch,Y,5,2016-17,(SIRed)
Clg of Engineering,Industrial Eng & Ops Research,Industrial Eng & Ops Rsch,Y,4,2017-18,(SIRed)
Clg of Engineering,Materials Science & Eng,Materials Science & Eng,N,2,2015-16,(SIRed)
Clg of Engineering,Materials Science & Eng,Materials Science & Eng,N,1,2016-17,(SIRed)
Clg of Engineering,Materials Science & Eng,Materials Science & Eng,N,4,2017-18,(SIRed)
Clg of Engineering,Materials Science & Eng,Materials Science & Eng,U,,2015-16,(SIRed)
Clg of Engineering,Materials Science & Eng,Materials Science & Eng,U,1,2016-17,(SIRed)
Clg of Engineering,Materials Science & Eng,Materials Science & Eng,U,0,2017-18,(SIRed)
Clg of Engineering,Materials Science & Eng,Materials Science & Eng,Y,2,2015-16,(SIRed)
Clg of Engineering,Materials Science & Eng,Materials Science & Eng,Y,3,2016-17,(SIRed)
Clg of Engineering,Materials Science & Eng,Materials Science & Eng,Y,1,2017-18,(SIRed)
Clg of Engineering,Mechanical Engineering,Mechanical Engineering,N,32,2015-16,(SIRed)
Clg of Engineering,Mechanical Engineering,Mechanical Engineering,N,34,2016-17,(SIRed)
Clg of Engineering,Mechanical Engineering,Mechanical Engineering,N,25,2017-18,(SIRed)
Clg of Engineering,Mechanical Engineering,Mechanical Engineering,U,,2015-16,(SIRed)
Clg of Engineering,Mechanical Engineering,Mechanical Engineering,U,1,2016-17,(SIRed)
Clg of Engineering,Mechanical Engineering,Mechanical Engineering,U,3,2017-18,(SIRed)
Clg of Engineering,Mechanical Engineering,Mechanical Engineering,Y,27,2015-16,(SIRed)
Clg of Engineering,Mechanical Engineering,Mechanical Engineering,Y,23,2016-17,(SIRed)
Clg of Engineering,Mechanical Engineering,Mechanical Engineering,Y,27,2017-18,(SIRed)
Clg of Engineering,Nuclear Engineering,Nuclear Engineering,N,1,2015-16,(SIRed)
Clg of Engineering,Nuclear Engineering,Nuclear Engineering,N,4,2016-17,(SIRed)
Clg of Engineering,Nuclear Engineering,Nuclear Engineering,N,2,2017-18,(SIRed)
Clg of Engineering,Nuclear Engineering,Nuclear Engineering,U,,2015-16,(SIRed)
Clg of Engineering,Nuclear Engineering,Nuclear Engineering,U,0,2016-17,(SIRed)
Clg of Engineering,Nuclear Engineering,Nuclear Engineering,U,0,2017-18,(SIRed)
Clg of Engineering,Nuclear Engineering,Nuclear Engineering,Y,1,2015-16,(SIRed)
Clg of Engineering,Nuclear Engineering,Nuclear Engineering,Y,2,2016-17,(SIRed)
Clg of Engineering,Nuclear Engineering,Nuclear Engineering,Y,5,2017-18,(SIRed)
Clg of Environmental Design,Architecture,Architecture,N,25,2015-16,(SIRed)
Clg of Environmental Design,Architecture,Architecture,N,30,2016-17,(SIRed)
Clg of Environmental Design,Architecture,Architecture,N,34,2017-18,(SIRed)
Clg of Environmental Design,Architecture,Architecture,U,2,2015-16,(SIRed)
Clg of Environmental Design,Architecture,Architecture,U,3,2016-17,(SIRed)
Clg of Environmental Design,Architecture,Architecture,U,2,2017-18,(SIRed)
Clg of Environmental Design,Architecture,Architecture,Y,43,2015-16,(SIRed)
Clg of Environmental Design,Architecture,Architecture,Y,41,2016-17,(SIRed)
Clg of Environmental Design,Architecture,Architecture,Y,31,2017-18,(SIRed)
Clg of Environmental Design,City & Regional Planning,Urban Studies,N,1,2015-16,(SIRed)
Clg of Environmental Design,City & Regional Planning,Urban Studies,N,2,2016-17,(SIRed)
Clg of Environmental Design,City & Regional Planning,Urban Studies,N,5,2017-18,(SIRed)
Clg of Environmental Design,City & Regional Planning,Urban Studies,U,1,2015-16,(SIRed)
Clg of Environmental Design,City & Regional Planning,Urban Studies,U,0,2016-17,(SIRed)
Clg of Environmental Design,City & Regional Planning,Urban Studies,Y,,2015-16,(SIRed)
Clg of Environmental Design,City & Regional Planning,Urban Studies,Y,3,2016-17,(SIRed)
Clg of Environmental Design,City & Regional Planning,Urban Studies,Y,3,2017-18,(SIRed)
Clg of Environmental Design,Landscape Arch & Env Plan,Landscape Architecture,N,5,2015-16,(SIRed)
Clg of Environmental Design,Landscape Arch & Env Plan,Landscape Architecture,N,4,2016-17,(SIRed)
Clg of Environmental Design,Landscape Arch & Env Plan,Landscape Architecture,N,1,2017-18,(SIRed)
Clg of Environmental Design,Landscape Arch & Env Plan,Landscape Architecture,U,1,2015-16,(SIRed)
Clg of Environmental Design,Landscape Arch & Env Plan,Landscape Architecture,Y,2,2015-16,(SIRed)
Clg of Environmental Design,Landscape Arch & Env Plan,Landscape Architecture,Y,1,2016-17,(SIRed)
Clg of Environmental Design,Landscape Arch & Env Plan,Landscape Architecture,Y,5,2017-18,(SIRed)
Clg of Environmental Design,Landscape Arch & Env Plan,Sustainable Environ Dsgn,N,6,2015-16,(SIRed)
Clg of Environmental Design,Landscape Arch & Env Plan,Sustainable Environ Dsgn,N,1,2016-17,(SIRed)
Clg of Environmental Design,Landscape Arch & Env Plan,Sustainable Environ Dsgn,N,3,2017-18,(SIRed)
Clg of Environmental Design,Landscape Arch & Env Plan,Sustainable Environ Dsgn,U,,2015-16,(SIRed)
Clg of Environmental Design,Landscape Arch & Env Plan,Sustainable Environ Dsgn,U,0,2016-17,(SIRed)
Clg of Environmental Design,Landscape Arch & Env Plan,Sustainable Environ Dsgn,U,0,2017-18,(SIRed)
Clg of Environmental Design,Landscape Arch & Env Plan,Sustainable Environ Dsgn,Y,2,2015-16,(SIRed)
Clg of Environmental Design,Landscape Arch & Env Plan,Sustainable Environ Dsgn,Y,5,2016-17,(SIRed)
Clg of Environmental Design,Landscape Arch & Env Plan,Sustainable Environ Dsgn,Y,0,2017-18,(SIRed)
Clg of Letters & Science,African American Studies,African American Studies,N,1,2015-16,(SIRed)
Clg of Letters & Science,African American Studies,African American Studies,N,1,2016-17,(SIRed)
Clg of Letters & Science,African American Studies,African American Studies,N,0,2017-18,(SIRed)
Clg of Letters & Science,African American Studies,African American Studies,U,0,2016-17,(SIRed)
Clg of Letters & Science,African American Studies,African American Studies,U,0,2017-18,(SIRed)
Clg of Letters & Science,African American Studies,African American Studies,Y,,2015-16,(SIRed)
Clg of Letters & Science,African American Studies,African American Studies,Y,6,2016-17,(SIRed)
Clg of Letters & Science,African American Studies,African American Studies,Y,3,2017-18,(SIRed)
Clg of Letters & Science,Anthropology,Anthropology,N,23,2015-16,(SIRed)
Clg of Letters & Science,Anthropology,Anthropology,N,37,2016-17,(SIRed)
Clg of Letters & Science,Anthropology,Anthropology,N,31,2017-18,(SIRed)
Clg of Letters & Science,Anthropology,Anthropology,U,3,2015-16,(SIRed)
Clg of Letters & Science,Anthropology,Anthropology,U,2,2016-17,(SIRed)
Clg of Letters & Science,Anthropology,Anthropology,U,1,2017-18,(SIRed)
Clg of Letters & Science,Anthropology,Anthropology,Y,26,2015-16,(SIRed)
Clg of Letters & Science,Anthropology,Anthropology,Y,34,2016-17,(SIRed)
Clg of Letters & Science,Anthropology,Anthropology,Y,31,2017-18,(SIRed)
Clg of Letters & Science,Art Practice,Art,N,11,2015-16,(SIRed)
Clg of Letters & Science,Art Practice,Art,N,22,2016-17,(SIRed)
Clg of Letters & Science,Art Practice,Art,N,23,2017-18,(SIRed)
Clg of Letters & Science,Art Practice,Art,U,1,2015-16,(SIRed)
Clg of Letters & Science,Art Practice,Art,U,2,2016-17,(SIRed)
Clg of Letters & Science,Art Practice,Art,U,3,2017-18,(SIRed)
Clg of Letters & Science,Art Practice,Art,Y,13,2015-16,(SIRed)
Clg of Letters & Science,Art Practice,Art,Y,18,2016-17,(SIRed)
Clg of Letters & Science,Art Practice,Art,Y,18,2017-18,(SIRed)
Clg of Letters & Science,Astronomy,Astrophysics,N,3,2015-16,(SIRed)
Clg of Letters & Science,Astronomy,Astrophysics,N,4,2016-17,(SIRed)
Clg of Letters & Science,Astronomy,Astrophysics,N,5,2017-18,(SIRed)
Clg of Letters & Science,Astronomy,Astrophysics,U,,2015-16,(SIRed)
Clg of Letters & Science,Astronomy,Astrophysics,U,0,2016-17,(SIRed)
Clg of Letters & Science,Astronomy,Astrophysics,U,0,2017-18,(SIRed)
Clg of Letters & Science,Astronomy,Astrophysics,Y,5,2015-16,(SIRed)
Clg of Letters & Science,Astronomy,Astrophysics,Y,4,2016-17,(SIRed)
Clg of Letters & Science,Astronomy,Astrophysics,Y,1,2017-18,(SIRed)
Clg of Letters & Science,Classics,Classical Civilizations,N,3,2015-16,(SIRed)
Clg of Letters & Science,Classics,Classical Civilizations,N,3,2016-17,(SIRed)
Clg of Letters & Science,Classics,Classical Civilizations,N,2,2017-18,(SIRed)
Clg of Letters & Science,Classics,Classical Civilizations,U,,2015-16,(SIRed)
Clg of Letters & Science,Classics,Classical Civilizations,U,0,2016-17,(SIRed)
Clg of Letters & Science,Classics,Classical Civilizations,U,0,2017-18,(SIRed)
Clg of Letters & Science,Classics,Classical Civilizations,Y,2,2015-16,(SIRed)
Clg of Letters & Science,Classics,Classical Civilizations,Y,0,2016-17,(SIRed)
Clg of Letters & Science,Classics,Classical Civilizations,Y,1,2017-18,(SIRed)
Clg of Letters & Science,Classics,Classical Languages,N,1,2015-16,(SIRed)
Clg of Letters & Science,Classics,Classical Languages,N,0,2016-17,(SIRed)
Clg of Letters & Science,Classics,Classical Languages,N,1,2017-18,(SIRed)
Clg of Letters & Science,Classics,Classical Languages,U,0,2017-18,(SIRed)
Clg of Letters & Science,Classics,Classical Languages,Y,1,2016-17,(SIRed)
Clg of Letters & Science,Classics,Classical Languages,Y,0,2017-18,(SIRed)
Clg of Letters & Science,Classics,Greek,N,,2015-16,(SIRed)
Clg of Letters & Science,Classics,Latin,Y,0,2017-18,(SIRed)
Clg of Letters & Science,Comparative Literature,Comparative Literature,N,10,2015-16,(SIRed)
Clg of Letters & Science,Comparative Literature,Comparative Literature,N,12,2016-17,(SIRed)
Clg of Letters & Science,Comparative Literature,Comparative Literature,N,14,2017-18,(SIRed)
Clg of Letters & Science,Comparative Literature,Comparative Literature,U,0,2016-17,(SIRed)
Clg of Letters & Science,Comparative Literature,Comparative Literature,Y,5,2015-16,(SIRed)
Clg of Letters & Science,Comparative Literature,Comparative Literature,Y,11,2016-17,(SIRed)
Clg of Letters & Science,Comparative Literature,Comparative Literature,Y,5,2017-18,(SIRed)
Clg of Letters & Science,Earth & Planetary Science,Atmospheric Science,N,0,2017-18,(SIRed)
Clg of Letters & Science,Earth & Planetary Science,Atmospheric Science,Y,0,2017-18,(SIRed)
Clg of Letters & Science,Earth & Planetary Science,Earth & Planetary Science,N,2,2015-16,(SIRed)
Clg of Letters & Science,Earth & Planetary Science,Earth & Planetary Science,N,5,2016-17,(SIRed)
Clg of Letters & Science,Earth & Planetary Science,Earth & Planetary Science,U,0,2016-17,(SIRed)
Clg of Letters & Science,Earth & Planetary Science,Earth & Planetary Science,Y,2,2015-16,(SIRed)
Clg of Letters & Science,Earth & Planetary Science,Earth & Planetary Science,Y,2,2016-17,(SIRed)
Clg of Letters & Science,Earth & Planetary Science,Environmental Earth Science,N,0,2017-18,(SIRed)
Clg of Letters & Science,Earth & Planetary Science,Environmental Earth Science,Y,0,2017-18,(SIRed)
Clg of Letters & Science,Earth & Planetary Science,Geology,N,1,2017-18,(SIRed)
Clg of Letters & Science,Earth & Planetary Science,Geology,U,0,2017-18,(SIRed)
Clg of Letters & Science,Earth & Planetary Science,Geology,Y,1,2017-18,(SIRed)
Clg of Letters & Science,Earth & Planetary Science,Geophysics,N,2,2017-18,(SIRed)
Clg of Letters & Science,Earth & Planetary Science,Geophysics,Y,1,2017-18,(SIRed)
Clg of Letters & Science,Earth & Planetary Science,Marine Science,N,0,2017-18,(SIRed)
Clg of Letters & Science,Earth & Planetary Science,Marine Science,U,0,2017-18,(SIRed)
Clg of Letters & Science,Earth & Planetary Science,Marine Science,Y,0,2017-18,(SIRed)
Clg of Letters & Science,Earth & Planetary Science,Planetary Science,N,0,2017-18,(SIRed)
Clg of Letters & Science,Earth & Planetary Science,Planetary Science,U,0,2017-18,(SIRed)
Clg of Letters & Science,Earth & Planetary Science,Planetary Science,Y,1,2017-18,(SIRed)
Clg of Letters & Science,East Asian Lang & Culture,Chinese Language,N,4,2015-16,(SIRed)
Clg of Letters & Science,East Asian Lang & Culture,Chinese Language,N,7,2016-17,(SIRed)
Clg of Letters & Science,East Asian Lang & Culture,Chinese Language,N,4,2017-18,(SIRed)
Clg of Letters & Science,East Asian Lang & Culture,Chinese Language,U,,2015-16,(SIRed)
Clg of Letters & Science,East Asian Lang & Culture,Chinese Language,U,0,2016-17,(SIRed)
Clg of Letters & Science,East Asian Lang & Culture,Chinese Language,U,0,2017-18,(SIRed)
Clg of Letters & Science,East Asian Lang & Culture,Chinese Language,Y,4,2015-16,(SIRed)
Clg of Letters & Science,East Asian Lang & Culture,Chinese Language,Y,7,2016-17,(SIRed)
Clg of Letters & Science,East Asian Lang & Culture,Chinese Language,Y,9,2017-18,(SIRed)
Clg of Letters & Science,East Asian Lang & Culture,"E Asian Rel, Thought, & Cul",N,3,2016-17,(SIRed)
Clg of Letters & Science,East Asian Lang & Culture,"E Asian Rel, Thought, & Cul",N,2,2017-18,(SIRed)
Clg of Letters & Science,East Asian Lang & Culture,"E Asian Rel, Thought, & Cul",U,0,2016-17,(SIRed)
Clg of Letters & Science,East Asian Lang & Culture,"E Asian Rel, Thought, & Cul",U,0,2017-18,(SIRed)
Clg of Letters & Science,East Asian Lang & Culture,"E Asian Rel, Thought, & Cul",Y,0,2016-17,(SIRed)
Clg of Letters & Science,East Asian Lang & Culture,"E Asian Rel, Thought, & Cul",Y,2,2017-18,(SIRed)
Clg of Letters & Science,East Asian Lang & Culture,Japanese Language,N,6,2015-16,(SIRed)
Clg of Letters & Science,East Asian Lang & Culture,Japanese Language,N,13,2016-17,(SIRed)
Clg of Letters & Science,East Asian Lang & Culture,Japanese Language,N,5,2017-18,(SIRed)
Clg of Letters & Science,East Asian Lang & Culture,Japanese Language,U,,2015-16,(SIRed)
Clg of Letters & Science,East Asian Lang & Culture,Japanese Language,U,0,2016-17,(SIRed)
Clg of Letters & Science,East Asian Lang & Culture,Japanese Language,U,1,2017-18,(SIRed)
Clg of Letters & Science,East Asian Lang & Culture,Japanese Language,Y,4,2015-16,(SIRed)
Clg of Letters & Science,East Asian Lang & Culture,Japanese Language,Y,4,2016-17,(SIRed)
Clg of Letters & Science,East Asian Lang & Culture,Japanese Language,Y,3,2017-18,(SIRed)
Clg of Letters & Science,Economics,Economics,N,121,2015-16,(SIRed)
Clg of Letters & Science,Economics,Economics,N,128,2016-17,(SIRed)
Clg of Letters & Science,Economics,Economics,N,183,2017-18,(SIRed)
Clg of Letters & Science,Economics,Economics,U,6,2015-16,(SIRed)
Clg of Letters & Science,Economics,Economics,U,10,2016-17,(SIRed)
Clg of Letters & Science,Economics,Economics,U,5,2017-18,(SIRed)
Clg of Letters & Science,Economics,Economics,Y,102,2015-16,(SIRed)
Clg of Letters & Science,Economics,Economics,Y,112,2016-17,(SIRed)
Clg of Letters & Science,Economics,Economics,Y,148,2017-18,(SIRed)
Clg of Letters & Science,English,English,N,88,2015-16,(SIRed)
Clg of Letters & Science,English,English,N,79,2016-17,(SIRed)
Clg of Letters & Science,English,English,N,95,2017-18,(SIRed)
Clg of Letters & Science,English,English,U,6,2015-16,(SIRed)
Clg of Letters & Science,English,English,U,5,2016-17,(SIRed)
Clg of Letters & Science,English,English,U,4,2017-18,(SIRed)
Clg of Letters & Science,English,English,Y,80,2015-16,(SIRed)
Clg of Letters & Science,English,English,Y,73,2016-17,(SIRed)
Clg of Letters & Science,English,English,Y,75,2017-18,(SIRed)
Clg of Letters & Science,Ethnic Studies,Asian Am & Asian Diasp St,N,1,2016-17,(SIRed)
Clg of Letters & Science,Ethnic Studies,Asian Am & Asian Diasp St,U,0,2016-17,(SIRed)
Clg of Letters & Science,Ethnic Studies,Asian Am & Asian Diasp St,Y,0,2016-17,(SIRed)
Clg of Letters & Science,Ethnic Studies,Asian American Studies,N,,2015-16,(SIRed)
Clg of Letters & Science,Ethnic Studies,Asian American Studies,N,1,2017-18,(SIRed)
Clg of Letters & Science,Ethnic Studies,Asian American Studies,U,,2015-16,(SIRed)
Clg of Letters & Science,Ethnic Studies,Asian American Studies,Y,1,2015-16,(SIRed)
Clg of Letters & Science,Ethnic Studies,Asian American Studies,Y,0,2017-18,(SIRed)
Clg of Letters & Science,Ethnic Studies,Chicano Studies,N,,2015-16,(SIRed)
Clg of Letters & Science,Ethnic Studies,Chicano Studies,N,0,2016-17,(SIRed)
Clg of Letters & Science,Ethnic Studies,Chicano Studies,N,1,2017-18,(SIRed)
Clg of Letters & Science,Ethnic Studies,Chicano Studies,U,0,2016-17,(SIRed)
Clg of Letters & Science,Ethnic Studies,Chicano Studies,U,0,2017-18,(SIRed)
Clg of Letters & Science,Ethnic Studies,Chicano Studies,Y,1,2015-16,(SIRed)
Clg of Letters & Science,Ethnic Studies,Chicano Studies,Y,3,2016-17,(SIRed)
Clg of Letters & Science,Ethnic Studies,Chicano Studies,Y,2,2017-18,(SIRed)
Clg of Letters & Science,Ethnic Studies,Ethnic Studies,N,,2015-16,(SIRed)
Clg of Letters & Science,Ethnic Studies,Ethnic Studies,N,3,2016-17,(SIRed)
Clg of Letters & Science,Ethnic Studies,Ethnic Studies,N,3,2017-18,(SIRed)
Clg of Letters & Science,Ethnic Studies,Ethnic Studies,U,1,2015-16,(SIRed)
Clg of Letters & Science,Ethnic Studies,Ethnic Studies,U,0,2016-17,(SIRed)
Clg of Letters & Science,Ethnic Studies,Ethnic Studies,U,0,2017-18,(SIRed)
Clg of Letters & Science,Ethnic Studies,Ethnic Studies,Y,3,2015-16,(SIRed)
Clg of Letters & Science,Ethnic Studies,Ethnic Studies,Y,8,2016-17,(SIRed)
Clg of Letters & Science,Ethnic Studies,Ethnic Studies,Y,2,2017-18,(SIRed)
Clg of Letters & Science,Ethnic Studies,Native American Studies,N,,2015-16,(SIRed)
Clg of Letters & Science,Ethnic Studies,Native American Studies,N,0,2016-17,(SIRed)
Clg of Letters & Science,Ethnic Studies,Native American Studies,N,1,2017-18,(SIRed)
Clg of Letters & Science,Ethnic Studies,Native American Studies,U,,2015-16,(SIRed)
Clg of Letters & Science,Ethnic Studies,Native American Studies,U,0,2017-18,(SIRed)
Clg of Letters & Science,Ethnic Studies,Native American Studies,Y,1,2015-16,(SIRed)
Clg of Letters & Science,Ethnic Studies,Native American Studies,Y,0,2016-17,(SIRed)
Clg of Letters & Science,Ethnic Studies,Native American Studies,Y,1,2017-18,(SIRed)
Clg of Letters & Science,Film and Media,Film,N,16,2015-16,(SIRed)
Clg of Letters & Science,Film and Media,Film,N,25,2016-17,(SIRed)
Clg of Letters & Science,Film and Media,Film,N,30,2017-18,(SIRed)
Clg of Letters & Science,Film and Media,Film,U,1,2015-16,(SIRed)
Clg of Letters & Science,Film and Media,Film,U,0,2016-17,(SIRed)
Clg of Letters & Science,Film and Media,Film,U,0,2017-18,(SIRed)
Clg of Letters & Science,Film and Media,Film,Y,12,2015-16,(SIRed)
Clg of Letters & Science,Film and Media,Film,Y,19,2016-17,(SIRed)
Clg of Letters & Science,Film and Media,Film,Y,15,2017-18,(SIRed)
Clg of Letters & Science,French,French,N,1,2015-16,(SIRed)
Clg of Letters & Science,French,French,N,2,2016-17,(SIRed)
Clg of Letters & Science,French,French,N,5,2017-18,(SIRed)
Clg of Letters & Science,French,French,U,0,2016-17,(SIRed)
Clg of Letters & Science,French,French,Y,6,2015-16,(SIRed)
Clg of Letters & Science,French,French,Y,3,2016-17,(SIRed)
Clg of Letters & Science,French,French,Y,2,2017-18,(SIRed)
Clg of Letters & Science,Gender & Womens Studies,Gender & Womens Studies,N,7,2015-16,(SIRed)
Clg of Letters & Science,Gender & Womens Studies,Gender & Womens Studies,N,9,2016-17,(SIRed)
Clg of Letters & Science,Gender & Womens Studies,Gender & Womens Studies,N,6,2017-18,(SIRed)
Clg of Letters & Science,Gender & Womens Studies,Gender & Womens Studies,U,1,2015-16,(SIRed)
Clg of Letters & Science,Gender & Womens Studies,Gender & Womens Studies,U,1,2016-17,(SIRed)
Clg of Letters & Science,Gender & Womens Studies,Gender & Womens Studies,U,0,2017-18,(SIRed)
Clg of Letters & Science,Gender & Womens Studies,Gender & Womens Studies,Y,6,2015-16,(SIRed)
Clg of Letters & Science,Gender & Womens Studies,Gender & Womens Studies,Y,5,2016-17,(SIRed)
Clg of Letters & Science,Gender & Womens Studies,Gender & Womens Studies,Y,6,2017-18,(SIRed)
Clg of Letters & Science,Geography,Geography,N,4,2015-16,(SIRed)
Clg of Letters & Science,Geography,Geography,N,7,2016-17,(SIRed)
Clg of Letters & Science,Geography,Geography,N,7,2017-18,(SIRed)
Clg of Letters & Science,Geography,Geography,U,1,2015-16,(SIRed)
Clg of Letters & Science,Geography,Geography,U,0,2016-17,(SIRed)
Clg of Letters & Science,Geography,Geography,U,1,2017-18,(SIRed)
Clg of Letters & Science,Geography,Geography,Y,5,2015-16,(SIRed)
Clg of Letters & Science,Geography,Geography,Y,5,2016-17,(SIRed)
Clg of Letters & Science,Geography,Geography,Y,5,2017-18,(SIRed)
Clg of Letters & Science,German,Dutch Studies,N,0,2016-17,(SIRed)
Clg of Letters & Science,German,Dutch Studies,N,1,2017-18,(SIRed)
Clg of Letters & Science,German,Dutch Studies,Y,0,2016-17,(SIRed)
Clg of Letters & Science,German,German,N,2,2015-16,(SIRed)
Clg of Letters & Science,German,German,N,3,2016-17,(SIRed)
Clg of Letters & Science,German,German,N,4,2017-18,(SIRed)
Clg of Letters & Science,German,German,Y,2,2015-16,(SIRed)
Clg of Letters & Science,German,German,Y,0,2016-17,(SIRed)
Clg of Letters & Science,German,German,Y,1,2017-18,(SIRed)
Clg of Letters & Science,History,History,N,26,2015-16,(SIRed)
Clg of Letters & Science,History,History,N,32,2016-17,(SIRed)
Clg of Letters & Science,History,History,N,20,2017-18,(SIRed)
Clg of Letters & Science,History,History,U,3,2015-16,(SIRed)
Clg of Letters & Science,History,History,U,2,2016-17,(SIRed)
Clg of Letters & Science,History,History,U,0,2017-18,(SIRed)
Clg of Letters & Science,History,History,Y,31,2015-16,(SIRed)
Clg of Letters & Science,History,History,Y,29,2016-17,(SIRed)
Clg of Letters & Science,History,History,Y,27,2017-18,(SIRed)
Clg of Letters & Science,History of Art,History of Art,N,18,2015-16,(SIRed)
Clg of Letters & Science,History of Art,History of Art,N,19,2016-17,(SIRed)
Clg of Letters & Science,History of Art,History of Art,N,13,2017-18,(SIRed)
Clg of Letters & Science,History of Art,History of Art,U,1,2015-16,(SIRed)
Clg of Letters & Science,History of Art,History of Art,U,0,2016-17,(SIRed)
Clg of Letters & Science,History of Art,History of Art,U,0,2017-18,(SIRed)
Clg of Letters & Science,History of Art,History of Art,Y,8,2015-16,(SIRed)
Clg of Letters & Science,History of Art,History of Art,Y,14,2016-17,(SIRed)
Clg of Letters & Science,History of Art,History of Art,Y,9,2017-18,(SIRed)
Clg of Letters & Science,Integrative Biology,Integrative Biology,N,10,2015-16,(SIRed)
Clg of Letters & Science,Integrative Biology,Integrative Biology,N,6,2016-17,(SIRed)
Clg of Letters & Science,Integrative Biology,Integrative Biology,N,17,2017-18,(SIRed)
Clg of Letters & Science,Integrative Biology,Integrative Biology,U,,2015-16,(SIRed)
Clg of Letters & Science,Integrative Biology,Integrative Biology,U,0,2016-17,(SIRed)
Clg of Letters & Science,Integrative Biology,Integrative Biology,U,0,2017-18,(SIRed)
Clg of Letters & Science,Integrative Biology,Integrative Biology,Y,4,2015-16,(SIRed)
Clg of Letters & Science,Integrative Biology,Integrative Biology,Y,8,2016-17,(SIRed)
Clg of Letters & Science,Integrative Biology,Integrative Biology,Y,5,2017-18,(SIRed)
Clg of Letters & Science,Interdisc Social Science Pgms,Asian Studies - China,N,2,2015-16,(SIRed)
Clg of Letters & Science,Interdisc Social Science Pgms,Asian Studies - China,N,4,2016-17,(SIRed)
Clg of Letters & Science,Interdisc Social Science Pgms,Asian Studies - China,U,,2015-16,(SIRed)
Clg of Letters & Science,Interdisc Social Science Pgms,Asian Studies - China,U,1,2016-17,(SIRed)
Clg of Letters & Science,Interdisc Social Science Pgms,Asian Studies - China,Y,2,2015-16,(SIRed)
Clg of Letters & Science,Interdisc Social Science Pgms,Asian Studies - China,Y,3,2016-17,(SIRed)
Clg of Letters & Science,Interdisc Social Science Pgms,Asian Studies - Japan,N,3,2015-16,(SIRed)
Clg of Letters & Science,Interdisc Social Science Pgms,Asian Studies - Japan,N,10,2016-17,(SIRed)
Clg of Letters & Science,Interdisc Social Science Pgms,Asian Studies - Japan,U,1,2015-16,(SIRed)
Clg of Letters & Science,Interdisc Social Science Pgms,Asian Studies - Japan,U,0,2016-17,(SIRed)
Clg of Letters & Science,Interdisc Social Science Pgms,Asian Studies - Japan,Y,1,2015-16,(SIRed)
Clg of Letters & Science,Interdisc Social Science Pgms,Asian Studies - Japan,Y,0,2016-17,(SIRed)
Clg of Letters & Science,Interdisc Social Science Pgms,Cognitive Science,N,9,2015-16,(SIRed)
Clg of Letters & Science,Interdisc Social Science Pgms,Cognitive Science,N,12,2016-17,(SIRed)
Clg of Letters & Science,Interdisc Social Science Pgms,Cognitive Science,N,18,2017-18,(SIRed)
Clg of Letters & Science,Interdisc Social Science Pgms,Cognitive Science,U,,2015-16,(SIRed)
Clg of Letters & Science,Interdisc Social Science Pgms,Cognitive Science,U,2,2016-17,(SIRed)
Clg of Letters & Science,Interdisc Social Science Pgms,Cognitive Science,U,0,2017-18,(SIRed)
Clg of Letters & Science,Interdisc Social Science Pgms,Cognitive Science,Y,7,2015-16,(SIRed)
Clg of Letters & Science,Interdisc Social Science Pgms,Cognitive Science,Y,6,2016-17,(SIRed)
Clg of Letters & Science,Interdisc Social Science Pgms,Cognitive Science,Y,10,2017-18,(SIRed)
Clg of Letters & Science,Interdisc Social Science Pgms,Development Studies,N,18,2015-16,(SIRed)
Clg of Letters & Science,Interdisc Social Science Pgms,Development Studies,N,18,2016-17,(SIRed)
Clg of Letters & Science,Interdisc Social Science Pgms,Development Studies,U,,2015-16,(SIRed)
Clg of Letters & Science,Interdisc Social Science Pgms,Development Studies,U,2,2016-17,(SIRed)
Clg of Letters & Science,Interdisc Social Science Pgms,Development Studies,Y,7,2015-16,(SIRed)
Clg of Letters & Science,Interdisc Social Science Pgms,Development Studies,Y,14,2016-17,(SIRed)
Clg of Letters & Science,Interdisc Social Science Pgms,Global Studies,N,24,2017-18,(SIRed)
Clg of Letters & Science,Interdisc Social Science Pgms,Global Studies,U,1,2017-18,(SIRed)
Clg of Letters & Science,Interdisc Social Science Pgms,Global Studies,Y,12,2017-18,(SIRed)
Clg of Letters & Science,Interdisc Social Science Pgms,Latin American Studies,N,,2015-16,(SIRed)
Clg of Letters & Science,Interdisc Social Science Pgms,Latin American Studies,N,0,2016-17,(SIRed)
Clg of Letters & Science,Interdisc Social Science Pgms,Latin American Studies,U,1,2016-17,(SIRed)
Clg of Letters & Science,Interdisc Social Science Pgms,Latin American Studies,Y,3,2015-16,(SIRed)
Clg of Letters & Science,Interdisc Social Science Pgms,Latin American Studies,Y,2,2016-17,(SIRed)
Clg of Letters & Science,Interdisc Social Science Pgms,Middle Eastern Studies,N,4,2015-16,(SIRed)
Clg of Letters & Science,Interdisc Social Science Pgms,Middle Eastern Studies,N,2,2016-17,(SIRed)
Clg of Letters & Science,Interdisc Social Science Pgms,Middle Eastern Studies,U,,2015-16,(SIRed)
Clg of Letters & Science,Interdisc Social Science Pgms,Middle Eastern Studies,U,0,2016-17,(SIRed)
Clg of Letters & Science,Interdisc Social Science Pgms,Middle Eastern Studies,Y,1,2015-16,(SIRed)
Clg of Letters & Science,Interdisc Social Science Pgms,Middle Eastern Studies,Y,1,2016-17,(SIRed)
Clg of Letters & Science,Interdisc Social Science Pgms,Peace & Conflict Studies,N,25,2015-16,(SIRed)
Clg of Letters & Science,Interdisc Social Science Pgms,Peace & Conflict Studies,N,15,2016-17,(SIRed)
Clg of Letters & Science,Interdisc Social Science Pgms,Peace & Conflict Studies,U,2,2015-16,(SIRed)
Clg of Letters & Science,Interdisc Social Science Pgms,Peace & Conflict Studies,U,0,2016-17,(SIRed)
Clg of Letters & Science,Interdisc Social Science Pgms,Peace & Conflict Studies,Y,15,2015-16,(SIRed)
Clg of Letters & Science,Interdisc Social Science Pgms,Peace & Conflict Studies,Y,12,2016-17,(SIRed)
Clg of Letters & Science,Interdisc Social Science Pgms,Political Economy,N,33,2015-16,(SIRed)
Clg of Letters & Science,Interdisc Social Science Pgms,Political Economy,N,29,2016-17,(SIRed)
Clg of Letters & Science,Interdisc Social Science Pgms,Political Economy,N,39,2017-18,(SIRed)
Clg of Letters & Science,Interdisc Social Science Pgms,Political Economy,U,2,2015-16,(SIRed)
Clg of Letters & Science,Interdisc Social Science Pgms,Political Economy,U,0,2016-17,(SIRed)
Clg of Letters & Science,Interdisc Social Science Pgms,Political Economy,U,2,2017-18,(SIRed)
Clg of Letters & Science,Interdisc Social Science Pgms,Political Economy,Y,18,2015-16,(SIRed)
Clg of Letters & Science,Interdisc Social Science Pgms,Political Economy,Y,28,2016-17,(SIRed)
Clg of Letters & Science,Interdisc Social Science Pgms,Political Economy,Y,21,2017-18,(SIRed)
Clg of Letters & Science,Italian Studies,Italian,N,,2015-16,(SIRed)
Clg of Letters & Science,Italian Studies,Italian,Y,,2015-16,(SIRed)
Clg of Letters & Science,Italian Studies,Italian Studies,N,0,2016-17,(SIRed)
Clg of Letters & Science,Italian Studies,Italian Studies,U,0,2016-17,(SIRed)
Clg of Letters & Science,Italian Studies,Italian Studies,Y,1,2016-17,(SIRed)
Clg of Letters & Science,Italian Studies,Italian Studies,Y,0,2017-18,(SIRed)
Clg of Letters & Science,L&S Chemistry,L&S Chemistry,N,5,2015-16,(SIRed)
Clg of Letters & Science,L&S Chemistry,L&S Chemistry,N,1,2016-17,(SIRed)
Clg of Letters & Science,L&S Chemistry,L&S Chemistry,N,5,2017-18,(SIRed)
Clg of Letters & Science,L&S Chemistry,L&S Chemistry,U,,2015-16,(SIRed)
Clg of Letters & Science,L&S Chemistry,L&S Chemistry,U,0,2016-17,(SIRed)
Clg of Letters & Science,L&S Chemistry,L&S Chemistry,U,0,2017-18,(SIRed)
Clg of Letters & Science,L&S Chemistry,L&S Chemistry,Y,,2015-16,(SIRed)
Clg of Letters & Science,L&S Chemistry,L&S Chemistry,Y,1,2016-17,(SIRed)
Clg of Letters & Science,L&S Chemistry,L&S Chemistry,Y,4,2017-18,(SIRed)
Clg of Letters & Science,L&S Computer Science,L&S Computer Science,N,20,2015-16,(SIRed)
Clg of Letters & Science,L&S Computer Science,L&S Computer Science,N,27,2016-17,(SIRed)
Clg of Letters & Science,L&S Computer Science,L&S Computer Science,N,19,2017-18,(SIRed)
Clg of Letters & Science,L&S Computer Science,L&S Computer Science,U,2,2015-16,(SIRed)
Clg of Letters & Science,L&S Computer Science,L&S Computer Science,U,1,2016-17,(SIRed)
Clg of Letters & Science,L&S Computer Science,L&S Computer Science,U,1,2017-18,(SIRed)
Clg of Letters & Science,L&S Computer Science,L&S Computer Science,Y,16,2015-16,(SIRed)
Clg of Letters & Science,L&S Computer Science,L&S Computer Science,Y,14,2016-17,(SIRed)
Clg of Letters & Science,L&S Computer Science,L&S Computer Science,Y,31,2017-18,(SIRed)
Clg of Letters & Science,L&S Envir Econ & Policy,L&S Environ Econ & Policy,N,6,2015-16,(SIRed)
Clg of Letters & Science,L&S Envir Econ & Policy,L&S Environ Econ & Policy,N,13,2016-17,(SIRed)
Clg of Letters & Science,L&S Envir Econ & Policy,L&S Environ Econ & Policy,N,14,2017-18,(SIRed)
Clg of Letters & Science,L&S Envir Econ & Policy,L&S Environ Econ & Policy,U,0,2016-17,(SIRed)
Clg of Letters & Science,L&S Envir Econ & Policy,L&S Environ Econ & Policy,U,0,2017-18,(SIRed)
Clg of Letters & Science,L&S Envir Econ & Policy,L&S Environ Econ & Policy,Y,8,2015-16,(SIRed)
Clg of Letters & Science,L&S Envir Econ & Policy,L&S Environ Econ & Policy,Y,8,2016-17,(SIRed)
Clg of Letters & Science,L&S Envir Econ & Policy,L&S Environ Econ & Policy,Y,9,2017-18,(SIRed)
Clg of Letters & Science,L&S Legal Studies,L&S Legal Studies,N,10,2015-16,(SIRed)
Clg of Letters & Science,L&S Legal Studies,L&S Legal Studies,N,16,2016-17,(SIRed)
Clg of Letters & Science,L&S Legal Studies,L&S Legal Studies,N,10,2017-18,(SIRed)
Clg of Letters & Science,L&S Legal Studies,L&S Legal Studies,U,,2015-16,(SIRed)
Clg of Letters & Science,L&S Legal Studies,L&S Legal Studies,U,1,2016-17,(SIRed)
Clg of Letters & Science,L&S Legal Studies,L&S Legal Studies,U,1,2017-18,(SIRed)
Clg of Letters & Science,L&S Legal Studies,L&S Legal Studies,Y,9,2015-16,(SIRed)
Clg of Letters & Science,L&S Legal Studies,L&S Legal Studies,Y,11,2016-17,(SIRed)
Clg of Letters & Science,L&S Legal Studies,L&S Legal Studies,Y,12,2017-18,(SIRed)
Clg of Letters & Science,L&S Ops Rsch & Mgmt Sci,L&S Ops Research & Mgmt Sci,N,5,2015-16,(SIRed)
Clg of Letters & Science,L&S Ops Rsch & Mgmt Sci,L&S Ops Research & Mgmt Sci,N,4,2016-17,(SIRed)
Clg of Letters & Science,L&S Ops Rsch & Mgmt Sci,L&S Ops Research & Mgmt Sci,N,4,2017-18,(SIRed)
Clg of Letters & Science,L&S Ops Rsch & Mgmt Sci,L&S Ops Research & Mgmt Sci,U,0,2016-17,(SIRed)
Clg of Letters & Science,L&S Ops Rsch & Mgmt Sci,L&S Ops Research & Mgmt Sci,U,1,2017-18,(SIRed)
Clg of Letters & Science,L&S Ops Rsch & Mgmt Sci,L&S Ops Research & Mgmt Sci,Y,,2015-16,(SIRed)
Clg of Letters & Science,L&S Ops Rsch & Mgmt Sci,L&S Ops Research & Mgmt Sci,Y,1,2016-17,(SIRed)
Clg of Letters & Science,L&S Ops Rsch & Mgmt Sci,L&S Ops Research & Mgmt Sci,Y,1,2017-18,(SIRed)
Clg of Letters & Science,L&S Public Health,L&S Public Health,N,3,2015-16,(SIRed)
Clg of Letters & Science,L&S Public Health,L&S Public Health,N,9,2016-17,(SIRed)
Clg of Letters & Science,L&S Public Health,L&S Public Health,N,9,2017-18,(SIRed)
Clg of Letters & Science,L&S Public Health,L&S Public Health,U,,2015-16,(SIRed)
Clg of Letters & Science,L&S Public Health,L&S Public Health,U,0,2016-17,(SIRed)
Clg of Letters & Science,L&S Public Health,L&S Public Health,U,0,2017-18,(SIRed)
Clg of Letters & Science,L&S Public Health,L&S Public Health,Y,6,2015-16,(SIRed)
Clg of Letters & Science,L&S Public Health,L&S Public Health,Y,7,2016-17,(SIRed)
Clg of Letters & Science,L&S Public Health,L&S Public Health,Y,11,2017-18,(SIRed)
Clg of Letters & Science,L&S Social Welfare,L&S Social Welfare,N,6,2015-16,(SIRed)
Clg of Letters & Science,L&S Social Welfare,L&S Social Welfare,N,12,2016-17,(SIRed)
Clg of Letters & Science,L&S Social Welfare,L&S Social Welfare,N,12,2017-18,(SIRed)
Clg of Letters & Science,L&S Social Welfare,L&S Social Welfare,U,,2015-16,(SIRed)
Clg of Letters & Science,L&S Social Welfare,L&S Social Welfare,U,0,2016-17,(SIRed)
Clg of Letters & Science,L&S Social Welfare,L&S Social Welfare,U,1,2017-18,(SIRed)
Clg of Letters & Science,L&S Social Welfare,L&S Social Welfare,Y,10,2015-16,(SIRed)
Clg of Letters & Science,L&S Social Welfare,L&S Social Welfare,Y,16,2016-17,(SIRed)
Clg of Letters & Science,L&S Social Welfare,L&S Social Welfare,Y,10,2017-18,(SIRed)
Clg of Letters & Science,L&S Undeclared,Intending Math/Phys/Bio Sci,N,0,2016-17,(SIRed)
Clg of Letters & Science,L&S Undeclared,Intending Math/Phys/Bio Sci,Y,0,2016-17,(SIRed)
Clg of Letters & Science,L&S Undeclared,Intending Unspecified L&S,N,,2015-16,(SIRed)
Clg of Letters & Science,L&S Undeclared,Intending Unspecified L&S,N,8,2016-17,(SIRed)
Clg of Letters & Science,L&S Undeclared,Intending Unspecified L&S,U,1,2016-17,(SIRed)
Clg of Letters & Science,L&S Undeclared,Intending Unspecified L&S,Y,3,2016-17,(SIRed)
Clg of Letters & Science,L&S Undeclared,Letters & Sci Undeclared,N,20,2015-16,(SIRed)
Clg of Letters & Science,L&S Undeclared,Letters & Sci Undeclared,Y,3,2015-16,(SIRed)
Clg of Letters & Science,Linguistics,Linguistics,N,7,2015-16,(SIRed)
Clg of Letters & Science,Linguistics,Linguistics,N,14,2016-17,(SIRed)
Clg of Letters & Science,Linguistics,Linguistics,N,10,2017-18,(SIRed)
Clg of Letters & Science,Linguistics,Linguistics,U,2,2015-16,(SIRed)
Clg of Letters & Science,Linguistics,Linguistics,U,1,2016-17,(SIRed)
Clg of Letters & Science,Linguistics,Linguistics,U,1,2017-18,(SIRed)
Clg of Letters & Science,Linguistics,Linguistics,Y,5,2015-16,(SIRed)
Clg of Letters & Science,Linguistics,Linguistics,Y,9,2016-17,(SIRed)
Clg of Letters & Science,Linguistics,Linguistics,Y,9,2017-18,(SIRed)
Clg of Letters & Science,Mathematics,Applied Mathematics,N,35,2015-16,(SIRed)
Clg of Letters & Science,Mathematics,Applied Mathematics,N,41,2016-17,(SIRed)
Clg of Letters & Science,Mathematics,Applied Mathematics,N,61,2017-18,(SIRed)
Clg of Letters & Science,Mathematics,Applied Mathematics,U,6,2015-16,(SIRed)
Clg of Letters & Science,Mathematics,Applied Mathematics,U,1,2016-17,(SIRed)
Clg of Letters & Science,Mathematics,Applied Mathematics,U,5,2017-18,(SIRed)
Clg of Letters & Science,Mathematics,Applied Mathematics,Y,29,2015-16,(SIRed)
Clg of Letters & Science,Mathematics,Applied Mathematics,Y,33,2016-17,(SIRed)
Clg of Letters & Science,Mathematics,Applied Mathematics,Y,46,2017-18,(SIRed)
Clg of Letters & Science,Mathematics,Mathematics,N,21,2015-16,(SIRed)
Clg of Letters & Science,Mathematics,Mathematics,N,32,2016-17,(SIRed)
Clg of Letters & Science,Mathematics,Mathematics,N,16,2017-18,(SIRed)
Clg of Letters & Science,Mathematics,Mathematics,U,1,2015-16,(SIRed)
Clg of Letters & Science,Mathematics,Mathematics,U,4,2016-17,(SIRed)
Clg of Letters & Science,Mathematics,Mathematics,U,1,2017-18,(SIRed)
Clg of Letters & Science,Mathematics,Mathematics,Y,20,2015-16,(SIRed)
Clg of Letters & Science,Mathematics,Mathematics,Y,35,2016-17,(SIRed)
Clg of Letters & Science,Mathematics,Mathematics,Y,20,2017-18,(SIRed)
Clg of Letters & Science,Molecular & Cell Biology,MCB-Biochem & Mol Biol,N,12,2015-16,(SIRed)
Clg of Letters & Science,Molecular & Cell Biology,MCB-Biochem & Mol Biol,N,15,2016-17,(SIRed)
Clg of Letters & Science,Molecular & Cell Biology,MCB-Biochem & Mol Biol,N,17,2017-18,(SIRed)
Clg of Letters & Science,Molecular & Cell Biology,MCB-Biochem & Mol Biol,U,,2015-16,(SIRed)
Clg of Letters & Science,Molecular & Cell Biology,MCB-Biochem & Mol Biol,U,1,2016-17,(SIRed)
Clg of Letters & Science,Molecular & Cell Biology,MCB-Biochem & Mol Biol,U,1,2017-18,(SIRed)
Clg of Letters & Science,Molecular & Cell Biology,MCB-Biochem & Mol Biol,Y,12,2015-16,(SIRed)
Clg of Letters & Science,Molecular & Cell Biology,MCB-Biochem & Mol Biol,Y,21,2016-17,(SIRed)
Clg of Letters & Science,Molecular & Cell Biology,MCB-Biochem & Mol Biol,Y,17,2017-18,(SIRed)
Clg of Letters & Science,Molecular & Cell Biology,MCB-Cell & Dev Biology,N,5,2015-16,(SIRed)
Clg of Letters & Science,Molecular & Cell Biology,MCB-Cell & Dev Biology,N,14,2016-17,(SIRed)
Clg of Letters & Science,Molecular & Cell Biology,MCB-Cell & Dev Biology,N,9,2017-18,(SIRed)
Clg of Letters & Science,Molecular & Cell Biology,MCB-Cell & Dev Biology,U,,2015-16,(SIRed)
Clg of Letters & Science,Molecular & Cell Biology,MCB-Cell & Dev Biology,U,0,2016-17,(SIRed)
Clg of Letters & Science,Molecular & Cell Biology,MCB-Cell & Dev Biology,U,1,2017-18,(SIRed)
Clg of Letters & Science,Molecular & Cell Biology,MCB-Cell & Dev Biology,Y,5,2015-16,(SIRed)
Clg of Letters & Science,Molecular & Cell Biology,MCB-Cell & Dev Biology,Y,7,2016-17,(SIRed)
Clg of Letters & Science,Molecular & Cell Biology,MCB-Cell & Dev Biology,Y,8,2017-18,(SIRed)
Clg of Letters & Science,Molecular & Cell Biology,MCB-Genetics,N,3,2015-16,(SIRed)
Clg of Letters & Science,Molecular & Cell Biology,MCB-Genetics,N,3,2016-17,(SIRed)
Clg of Letters & Science,Molecular & Cell Biology,MCB-Genetics,N,2,2017-18,(SIRed)
Clg of Letters & Science,Molecular & Cell Biology,MCB-Genetics,U,,2015-16,(SIRed)
Clg of Letters & Science,Molecular & Cell Biology,MCB-Genetics,U,0,2016-17,(SIRed)
Clg of Letters & Science,Molecular & Cell Biology,MCB-Genetics,Y,1,2015-16,(SIRed)
Clg of Letters & Science,Molecular & Cell Biology,MCB-Genetics,Y,1,2016-17,(SIRed)
Clg of Letters & Science,Molecular & Cell Biology,MCB-Genetics,Y,4,2017-18,(SIRed)
Clg of Letters & Science,Molecular & Cell Biology,MCB-Immunology,N,4,2015-16,(SIRed)
Clg of Letters & Science,Molecular & Cell Biology,MCB-Immunology,N,2,2016-17,(SIRed)
Clg of Letters & Science,Molecular & Cell Biology,MCB-Immunology,N,3,2017-18,(SIRed)
Clg of Letters & Science,Molecular & Cell Biology,MCB-Immunology,U,,2015-16,(SIRed)
Clg of Letters & Science,Molecular & Cell Biology,MCB-Immunology,U,0,2016-17,(SIRed)
Clg of Letters & Science,Molecular & Cell Biology,MCB-Immunology,U,0,2017-18,(SIRed)
Clg of Letters & Science,Molecular & Cell Biology,MCB-Immunology,Y,4,2015-16,(SIRed)
Clg of Letters & Science,Molecular & Cell Biology,MCB-Immunology,Y,2,2016-17,(SIRed)
Clg of Letters & Science,Molecular & Cell Biology,MCB-Immunology,Y,4,2017-18,(SIRed)
Clg of Letters & Science,Molecular & Cell Biology,MCB-Neurobiology,N,7,2015-16,(SIRed)
Clg of Letters & Science,Molecular & Cell Biology,MCB-Neurobiology,N,4,2016-17,(SIRed)
Clg of Letters & Science,Molecular & Cell Biology,MCB-Neurobiology,N,3,2017-18,(SIRed)
Clg of Letters & Science,Molecular & Cell Biology,MCB-Neurobiology,U,,2015-16,(SIRed)
Clg of Letters & Science,Molecular & Cell Biology,MCB-Neurobiology,U,1,2016-17,(SIRed)
Clg of Letters & Science,Molecular & Cell Biology,MCB-Neurobiology,U,0,2017-18,(SIRed)
Clg of Letters & Science,Molecular & Cell Biology,MCB-Neurobiology,Y,5,2015-16,(SIRed)
Clg of Letters & Science,Molecular & Cell Biology,MCB-Neurobiology,Y,5,2016-17,(SIRed)
Clg of Letters & Science,Molecular & Cell Biology,MCB-Neurobiology,Y,5,2017-18,(SIRed)
Clg of Letters & Science,Music,Music,N,14,2015-16,(SIRed)
Clg of Letters & Science,Music,Music,N,1,2016-17,(SIRed)
Clg of Letters & Science,Music,Music,N,6,2017-18,(SIRed)
Clg of Letters & Science,Music,Music,U,,2015-16,(SIRed)
Clg of Letters & Science,Music,Music,U,3,2016-17,(SIRed)
Clg of Letters & Science,Music,Music,U,0,2017-18,(SIRed)
Clg of Letters & Science,Music,Music,Y,6,2015-16,(SIRed)
Clg of Letters & Science,Music,Music,Y,8,2016-17,(SIRed)
Clg of Letters & Science,Music,Music,Y,9,2017-18,(SIRed)
Clg of Letters & Science,Near Eastern Studies,Ancnt Egypt/NE Art & Archae,N,1,2015-16,(SIRed)
Clg of Letters & Science,Near Eastern Studies,Ancnt Egypt/NE Art & Archae,N,1,2016-17,(SIRed)
Clg of Letters & Science,Near Eastern Studies,Ancnt Egypt/NE Art & Archae,N,1,2017-18,(SIRed)
Clg of Letters & Science,Near Eastern Studies,Ancnt Egypt/NE Art & Archae,U,,2015-16,(SIRed)
Clg of Letters & Science,Near Eastern Studies,Ancnt Egypt/NE Art & Archae,U,0,2016-17,(SIRed)
Clg of Letters & Science,Near Eastern Studies,Ancnt Egypt/NE Art & Archae,Y,1,2015-16,(SIRed)
Clg of Letters & Science,Near Eastern Studies,Ancnt Egypt/NE Art & Archae,Y,1,2016-17,(SIRed)
Clg of Letters & Science,Near Eastern Studies,Ancnt Egypt/NE Art & Archae,Y,0,2017-18,(SIRed)
Clg of Letters & Science,Near Eastern Studies,Near Eastern Civilizations,N,,2015-16,(SIRed)
Clg of Letters & Science,Near Eastern Studies,Near Eastern Civilizations,N,2,2016-17,(SIRed)
Clg of Letters & Science,Near Eastern Studies,Near Eastern Civilizations,N,1,2017-18,(SIRed)
Clg of Letters & Science,Near Eastern Studies,Near Eastern Civilizations,U,1,2016-17,(SIRed)
Clg of Letters & Science,Near Eastern Studies,Near Eastern Civilizations,Y,1,2015-16,(SIRed)
Clg of Letters & Science,Near Eastern Studies,Near Eastern Civilizations,Y,4,2016-17,(SIRed)
Clg of Letters & Science,Near Eastern Studies,Near Eastern Civilizations,Y,2,2017-18,(SIRed)
Clg of Letters & Science,Near Eastern Studies,Near Eastern Lang & Lit,N,1,2015-16,(SIRed)
Clg of Letters & Science,Near Eastern Studies,Near Eastern Lang & Lit,N,0,2016-17,(SIRed)
Clg of Letters & Science,Near Eastern Studies,Near Eastern Lang & Lit,N,3,2017-18,(SIRed)
Clg of Letters & Science,Near Eastern Studies,Near Eastern Lang & Lit,Y,1,2015-16,(SIRed)
Clg of Letters & Science,Near Eastern Studies,Near Eastern Lang & Lit,Y,2,2016-17,(SIRed)
Clg of Letters & Science,Near Eastern Studies,Near Eastern Lang & Lit,Y,0,2017-18,(SIRed)
Clg of Letters & Science,Other Arts & Humanities Pgms,Undecided Arts & Humanities,N,0,2017-18,(SIRed)
Clg of Letters & Science,Other Bio Sciences Pgms,Undecided Bio Sciences,N,1,2017-18,(SIRed)
Clg of Letters & Science,Other Bio Sciences Pgms,Undecided Bio Sciences,Y,1,2017-18,(SIRed)
Clg of Letters & Science,Other Social Sciences Programs,Undecided Social Sciences,N,2,2017-18,(SIRed)
Clg of Letters & Science,Other Social Sciences Programs,Undecided Social Sciences,Y,0,2017-18,(SIRed)
Clg of Letters & Science,Philosophy,Philosophy,N,33,2015-16,(SIRed)
Clg of Letters & Science,Philosophy,Philosophy,N,66,2016-17,(SIRed)
Clg of Letters & Science,Philosophy,Philosophy,N,47,2017-18,(SIRed)
Clg of Letters & Science,Philosophy,Philosophy,U,3,2015-16,(SIRed)
Clg of Letters & Science,Philosophy,Philosophy,U,2,2016-17,(SIRed)
Clg of Letters & Science,Philosophy,Philosophy,U,6,2017-18,(SIRed)
Clg of Letters & Science,Philosophy,Philosophy,Y,22,2015-16,(SIRed)
Clg of Letters & Science,Philosophy,Philosophy,Y,52,2016-17,(SIRed)
Clg of Letters & Science,Philosophy,Philosophy,Y,35,2017-18,(SIRed)
Clg of Letters & Science,Physics,Physics,N,13,2015-16,(SIRed)
Clg of Letters & Science,Physics,Physics,N,27,2016-17,(SIRed)
Clg of Letters & Science,Physics,Physics,N,19,2017-18,(SIRed)
Clg of Letters & Science,Physics,Physics,U,1,2015-16,(SIRed)
Clg of Letters & Science,Physics,Physics,U,3,2016-17,(SIRed)
Clg of Letters & Science,Physics,Physics,U,3,2017-18,(SIRed)
Clg of Letters & Science,Physics,Physics,Y,19,2015-16,(SIRed)
Clg of Letters & Science,Physics,Physics,Y,19,2016-17,(SIRed)
Clg of Letters & Science,Physics,Physics,Y,21,2017-18,(SIRed)
Clg of Letters & Science,Political Science,Political Science,N,77,2015-16,(SIRed)
Clg of Letters & Science,Political Science,Political Science,N,97,2016-17,(SIRed)
Clg of Letters & Science,Political Science,Political Science,N,129,2017-18,(SIRed)
Clg of Letters & Science,Political Science,Political Science,U,2,2015-16,(SIRed)
Clg of Letters & Science,Political Science,Political Science,U,7,2016-17,(SIRed)
Clg of Letters & Science,Political Science,Political Science,U,4,2017-18,(SIRed)
Clg of Letters & Science,Political Science,Political Science,Y,82,2015-16,(SIRed)
Clg of Letters & Science,Political Science,Political Science,Y,103,2016-17,(SIRed)
Clg of Letters & Science,Political Science,Political Science,Y,89,2017-18,(SIRed)
Clg of Letters & Science,Psychology,Psychology,N,65,2015-16,(SIRed)
Clg of Letters & Science,Psychology,Psychology,N,71,2016-17,(SIRed)
Clg of Letters & Science,Psychology,Psychology,N,59,2017-18,(SIRed)
Clg of Letters & Science,Psychology,Psychology,U,3,2015-16,(SIRed)
Clg of Letters & Science,Psychology,Psychology,U,4,2016-17,(SIRed)
Clg of Letters & Science,Psychology,Psychology,U,5,2017-18,(SIRed)
Clg of Letters & Science,Psychology,Psychology,Y,86,2015-16,(SIRed)
Clg of Letters & Science,Psychology,Psychology,Y,62,2016-17,(SIRed)
Clg of Letters & Science,Psychology,Psychology,Y,35,2017-18,(SIRed)
Clg of Letters & Science,Rhetoric,Rhetoric,N,14,2015-16,(SIRed)
Clg of Letters & Science,Rhetoric,Rhetoric,N,19,2016-17,(SIRed)
Clg of Letters & Science,Rhetoric,Rhetoric,N,24,2017-18,(SIRed)
Clg of Letters & Science,Rhetoric,Rhetoric,U,1,2015-16,(SIRed)
Clg of Letters & Science,Rhetoric,Rhetoric,U,2,2016-17,(SIRed)
Clg of Letters & Science,Rhetoric,Rhetoric,U,2,2017-18,(SIRed)
Clg of Letters & Science,Rhetoric,Rhetoric,Y,21,2015-16,(SIRed)
Clg of Letters & Science,Rhetoric,Rhetoric,Y,32,2016-17,(SIRed)
Clg of Letters & Science,Rhetoric,Rhetoric,Y,18,2017-18,(SIRed)
Clg of Letters & Science,Scandinavian,Celtic Studies,N,,2015-16,(SIRed)
Clg of Letters & Science,Scandinavian,Celtic Studies,N,0,2016-17,(SIRed)
Clg of Letters & Science,Scandinavian,Celtic Studies,Y,1,2015-16,(SIRed)
Clg of Letters & Science,Scandinavian,Celtic Studies,Y,0,2016-17,(SIRed)
Clg of Letters & Science,Scandinavian,Scandinavian,N,,2015-16,(SIRed)
Clg of Letters & Science,Scandinavian,Scandinavian,N,0,2016-17,(SIRed)
Clg of Letters & Science,Scandinavian,Scandinavian,N,1,2017-18,(SIRed)
Clg of Letters & Science,Scandinavian,Scandinavian,U,,2015-16,(SIRed)
Clg of Letters & Science,Scandinavian,Scandinavian,U,0,2016-17,(SIRed)
Clg of Letters & Science,Scandinavian,Scandinavian,Y,,2015-16,(SIRed)
Clg of Letters & Science,Scandinavian,Scandinavian,Y,0,2016-17,(SIRed)
Clg of Letters & Science,Slavic Languages & Literatures,Slavic Lang & Lit,N,1,2015-16,(SIRed)
Clg of Letters & Science,Slavic Languages & Literatures,Slavic Lang & Lit,N,1,2016-17,(SIRed)
Clg of Letters & Science,Slavic Languages & Literatures,Slavic Lang & Lit,N,2,2017-18,(SIRed)
Clg of Letters & Science,Slavic Languages & Literatures,Slavic Lang & Lit,Y,,2015-16,(SIRed)
Clg of Letters & Science,Slavic Languages & Literatures,Slavic Lang & Lit,Y,1,2016-17,(SIRed)
Clg of Letters & Science,Slavic Languages & Literatures,Slavic Lang & Lit,Y,1,2017-18,(SIRed)
Clg of Letters & Science,Sociology,Sociology,N,44,2015-16,(SIRed)
Clg of Letters & Science,Sociology,Sociology,N,61,2016-17,(SIRed)
Clg of Letters & Science,Sociology,Sociology,N,75,2017-18,(SIRed)
Clg of Letters & Science,Sociology,Sociology,U,1,2015-16,(SIRed)
Clg of Letters & Science,Sociology,Sociology,U,5,2016-17,(SIRed)
Clg of Letters & Science,Sociology,Sociology,U,8,2017-18,(SIRed)
Clg of Letters & Science,Sociology,Sociology,Y,51,2015-16,(SIRed)
Clg of Letters & Science,Sociology,Sociology,Y,79,2016-17,(SIRed)
Clg of Letters & Science,Sociology,Sociology,Y,99,2017-18,(SIRed)
Clg of Letters & Science,South & SE Asian Studies,South & SE Asian Studies,N,2,2015-16,(SIRed)
Clg of Letters & Science,South & SE Asian Studies,South & SE Asian Studies,N,3,2016-17,(SIRed)
Clg of Letters & Science,South & SE Asian Studies,South & SE Asian Studies,N,4,2017-18,(SIRed)
Clg of Letters & Science,South & SE Asian Studies,South & SE Asian Studies,U,,2015-16,(SIRed)
Clg of Letters & Science,South & SE Asian Studies,South & SE Asian Studies,U,1,2016-17,(SIRed)
Clg of Letters & Science,South & SE Asian Studies,South & SE Asian Studies,U,0,2017-18,(SIRed)
Clg of Letters & Science,South & SE Asian Studies,South & SE Asian Studies,Y,3,2015-16,(SIRed)
Clg of Letters & Science,South & SE Asian Studies,South & SE Asian Studies,Y,1,2016-17,(SIRed)
Clg of Letters & Science,South & SE Asian Studies,South & SE Asian Studies,Y,1,2017-18,(SIRed)
Clg of Letters & Science,Spanish & Portuguese,Spanish-Hisp Lang/Biling Iss,N,1,2015-16,(SIRed)
Clg of Letters & Science,Spanish & Portuguese,Spanish-Hisp Lang/Biling Iss,N,0,2016-17,(SIRed)
Clg of Letters & Science,Spanish & Portuguese,Spanish-Hisp Lang/Biling Iss,N,2,2017-18,(SIRed)
Clg of Letters & Science,Spanish & Portuguese,Spanish-Hisp Lang/Biling Iss,U,,2015-16,(SIRed)
Clg of Letters & Science,Spanish & Portuguese,Spanish-Hisp Lang/Biling Iss,U,0,2016-17,(SIRed)
Clg of Letters & Science,Spanish & Portuguese,Spanish-Hisp Lang/Biling Iss,U,0,2017-18,(SIRed)
Clg of Letters & Science,Spanish & Portuguese,Spanish-Hisp Lang/Biling Iss,Y,1,2015-16,(SIRed)
Clg of Letters & Science,Spanish & Portuguese,Spanish-Hisp Lang/Biling Iss,Y,3,2016-17,(SIRed)
Clg of Letters & Science,Spanish & Portuguese,Spanish-Hisp Lang/Biling Iss,Y,3,2017-18,(SIRed)
Clg of Letters & Science,Spanish & Portuguese,Spanish-Latin-Amer Lang & Lit,U,1,2016-17,(SIRed)
Clg of Letters & Science,Spanish & Portuguese,Spanish-Latin-Amer Lang & Lit,Y,,2015-16,(SIRed)
Clg of Letters & Science,Spanish & Portuguese,Spanish-Latin-Amer Lang & Lit,Y,0,2016-17,(SIRed)
Clg of Letters & Science,Spanish & Portuguese,Spanish-Latin-Amer Lang & Lit,Y,2,2017-18,(SIRed)
Clg of Letters & Science,Spanish & Portuguese,Spanish-Luso-Brazil Lang & Lit,N,1,2015-16,(SIRed)
Clg of Letters & Science,Spanish & Portuguese,Spanish-Luso-Brazil Lang & Lit,N,0,2016-17,(SIRed)
Clg of Letters & Science,Spanish & Portuguese,Spanish-Luso-Brazil Lang & Lit,N,0,2017-18,(SIRed)
Clg of Letters & Science,Spanish & Portuguese,Spanish-Luso-Brazil Lang & Lit,U,1,2016-17,(SIRed)
Clg of Letters & Science,Spanish & Portuguese,Spanish-Luso-Brazil Lang & Lit,Y,,2015-16,(SIRed)
Clg of Letters & Science,Spanish & Portuguese,Spanish-Luso-Brazil Lang & Lit,Y,0,2016-17,(SIRed)
Clg of Letters & Science,Spanish & Portuguese,Spanish-Luso-Brazil Lang & Lit,Y,1,2017-18,(SIRed)
Clg of Letters & Science,Spanish & Portuguese,Spanish-Spanish Lang & Lit,N,3,2015-16,(SIRed)
Clg of Letters & Science,Spanish & Portuguese,Spanish-Spanish Lang & Lit,N,4,2016-17,(SIRed)
Clg of Letters & Science,Spanish & Portuguese,Spanish-Spanish Lang & Lit,N,2,2017-18,(SIRed)
Clg of Letters & Science,Spanish & Portuguese,Spanish-Spanish Lang & Lit,U,,2015-16,(SIRed)
Clg of Letters & Science,Spanish & Portuguese,Spanish-Spanish Lang & Lit,U,0,2016-17,(SIRed)
Clg of Letters & Science,Spanish & Portuguese,Spanish-Spanish Lang & Lit,Y,10,2015-16,(SIRed)
Clg of Letters & Science,Spanish & Portuguese,Spanish-Spanish Lang & Lit,Y,5,2016-17,(SIRed)
Clg of Letters & Science,Spanish & Portuguese,Spanish-Spanish Lang & Lit,Y,6,2017-18,(SIRed)
Clg of Letters & Science,Statistics,Statistics,N,20,2015-16,(SIRed)
Clg of Letters & Science,Statistics,Statistics,N,28,2016-17,(SIRed)
Clg of Letters & Science,Statistics,Statistics,N,29,2017-18,(SIRed)
Clg of Letters & Science,Statistics,Statistics,U,1,2015-16,(SIRed)
Clg of Letters & Science,Statistics,Statistics,U,1,2016-17,(SIRed)
Clg of Letters & Science,Statistics,Statistics,U,2,2017-18,(SIRed)
Clg of Letters & Science,Statistics,Statistics,Y,10,2015-16,(SIRed)
Clg of Letters & Science,Statistics,Statistics,Y,23,2016-17,(SIRed)
Clg of Letters & Science,Statistics,Statistics,Y,26,2017-18,(SIRed)
Clg of Letters & Science,Theater Dance & Perf Stds,Dance & Perf Studies,N,1,2015-16,(SIRed)
Clg of Letters & Science,Theater Dance & Perf Stds,Dance & Perf Studies,N,5,2016-17,(SIRed)
Clg of Letters & Science,Theater Dance & Perf Stds,Dance & Perf Studies,N,4,2017-18,(SIRed)
Clg of Letters & Science,Theater Dance & Perf Stds,Dance & Perf Studies,U,1,2015-16,(SIRed)
Clg of Letters & Science,Theater Dance & Perf Stds,Dance & Perf Studies,U,0,2016-17,(SIRed)
Clg of Letters & Science,Theater Dance & Perf Stds,Dance & Perf Studies,Y,2,2015-16,(SIRed)
Clg of Letters & Science,Theater Dance & Perf Stds,Dance & Perf Studies,Y,0,2016-17,(SIRed)
Clg of Letters & Science,Theater Dance & Perf Stds,Dance & Perf Studies,Y,0,2017-18,(SIRed)
Clg of Letters & Science,Theater Dance & Perf Stds,Theater & Perf Studies,N,10,2015-16,(SIRed)
Clg of Letters & Science,Theater Dance & Perf Stds,Theater & Perf Studies,N,7,2016-17,(SIRed)
Clg of Letters & Science,Theater Dance & Perf Stds,Theater & Perf Studies,N,14,2017-18,(SIRed)
Clg of Letters & Science,Theater Dance & Perf Stds,Theater & Perf Studies,U,1,2015-16,(SIRed)
Clg of Letters & Science,Theater Dance & Perf Stds,Theater & Perf Studies,U,0,2016-17,(SIRed)
Clg of Letters & Science,Theater Dance & Perf Stds,Theater & Perf Studies,U,0,2017-18,(SIRed)
Clg of Letters & Science,Theater Dance & Perf Stds,Theater & Perf Studies,Y,6,2015-16,(SIRed)
Clg of Letters & Science,Theater Dance & Perf Stds,Theater & Perf Studies,Y,10,2016-17,(SIRed)
Clg of Letters & Science,Theater Dance & Perf Stds,Theater & Perf Studies,Y,15,2017-18,(SIRed)
Clg of Letters & Science,UG Interdisciplinary Studies,American Studies,N,2,2015-16,(SIRed)
Clg of Letters & Science,UG Interdisciplinary Studies,American Studies,N,3,2016-17,(SIRed)
Clg of Letters & Science,UG Interdisciplinary Studies,American Studies,N,2,2017-18,(SIRed)
Clg of Letters & Science,UG Interdisciplinary Studies,American Studies,U,2,2015-16,(SIRed)
Clg of Letters & Science,UG Interdisciplinary Studies,American Studies,U,0,2016-17,(SIRed)
Clg of Letters & Science,UG Interdisciplinary Studies,American Studies,U,0,2017-18,(SIRed)
Clg of Letters & Science,UG Interdisciplinary Studies,American Studies,Y,4,2015-16,(SIRed)
Clg of Letters & Science,UG Interdisciplinary Studies,American Studies,Y,1,2016-17,(SIRed)
Clg of Letters & Science,UG Interdisciplinary Studies,American Studies,Y,5,2017-18,(SIRed)
Clg of Letters & Science,UG Interdisciplinary Studies,Interdisciplinary Studies,N,6,2015-16,(SIRed)
Clg of Letters & Science,UG Interdisciplinary Studies,Interdisciplinary Studies,N,15,2016-17,(SIRed)
Clg of Letters & Science,UG Interdisciplinary Studies,Interdisciplinary Studies,N,8,2017-18,(SIRed)
Clg of Letters & Science,UG Interdisciplinary Studies,Interdisciplinary Studies,U,0,2016-17,(SIRed)
Clg of Letters & Science,UG Interdisciplinary Studies,Interdisciplinary Studies,U,1,2017-18,(SIRed)
Clg of Letters & Science,UG Interdisciplinary Studies,Interdisciplinary Studies,Y,5,2015-16,(SIRed)
Clg of Letters & Science,UG Interdisciplinary Studies,Interdisciplinary Studies,Y,10,2016-17,(SIRed)
Clg of Letters & Science,UG Interdisciplinary Studies,Interdisciplinary Studies,Y,9,2017-18,(SIRed)
Clg of Letters & Science,UG Interdisciplinary Studies,Media Studies,N,43,2015-16,(SIRed)
Clg of Letters & Science,UG Interdisciplinary Studies,Media Studies,N,87,2016-17,(SIRed)
Clg of Letters & Science,UG Interdisciplinary Studies,Media Studies,N,71,2017-18,(SIRed)
Clg of Letters & Science,UG Interdisciplinary Studies,Media Studies,U,6,2015-16,(SIRed)
Clg of Letters & Science,UG Interdisciplinary Studies,Media Studies,U,3,2016-17,(SIRed)
Clg of Letters & Science,UG Interdisciplinary Studies,Media Studies,U,3,2017-18,(SIRed)
Clg of Letters & Science,UG Interdisciplinary Studies,Media Studies,Y,50,2015-16,(SIRed)
Clg of Letters & Science,UG Interdisciplinary Studies,Media Studies,Y,56,2016-17,(SIRed)
Clg of Letters & Science,UG Interdisciplinary Studies,Media Studies,Y,73,2017-18,(SIRed)
Clg of Letters & Science,UG Interdisciplinary Studies,Religious Studies,N,4,2015-16,(SIRed)
Clg of Letters & Science,UG Interdisciplinary Studies,Religious Studies,U,,2015-16,(SIRed)
Clg of Letters & Science,UG Interdisciplinary Studies,Religious Studies,Y,,2015-16,(SIRed)
Clg of Letters & Science,UG Interdisciplinary Studies,Undecided Undergrad Studies,N,2,2017-18,(SIRed)
Clg of Letters & Science,UG Interdisciplinary Studies,Undecided Undergrad Studies,Y,0,2017-18,(SIRed)
Clg of Natural Resources,Ag & Resource Econ & Pol,Environ Econ & Policy,N,12,2015-16,(SIRed)
Clg of Natural Resources,Ag & Resource Econ & Pol,Environ Econ & Policy,N,13,2016-17,(SIRed)
Clg of Natural Resources,Ag & Resource Econ & Pol,Environ Econ & Policy,N,16,2017-18,(SIRed)
Clg of Natural Resources,Ag & Resource Econ & Pol,Environ Econ & Policy,U,0,2016-17,(SIRed)
Clg of Natural Resources,Ag & Resource Econ & Pol,Environ Econ & Policy,U,2,2017-18,(SIRed)
Clg of Natural Resources,Ag & Resource Econ & Pol,Environ Econ & Policy,Y,8,2015-16,(SIRed)
Clg of Natural Resources,Ag & Resource Econ & Pol,Environ Econ & Policy,Y,9,2016-17,(SIRed)
Clg of Natural Resources,Ag & Resource Econ & Pol,Environ Econ & Policy,Y,14,2017-18,(SIRed)
Clg of Natural Resources,"Env Sci, Policy, & Mgmt",Conserv & Resource Stds,N,10,2015-16,(SIRed)
Clg of Natural Resources,"Env Sci, Policy, & Mgmt",Conserv & Resource Stds,N,11,2016-17,(SIRed)
Clg of Natural Resources,"Env Sci, Policy, & Mgmt",Conserv & Resource Stds,N,11,2017-18,(SIRed)
Clg of Natural Resources,"Env Sci, Policy, & Mgmt",Conserv & Resource Stds,U,2,2015-16,(SIRed)
Clg of Natural Resources,"Env Sci, Policy, & Mgmt",Conserv & Resource Stds,U,0,2016-17,(SIRed)
Clg of Natural Resources,"Env Sci, Policy, & Mgmt",Conserv & Resource Stds,U,0,2017-18,(SIRed)
Clg of Natural Resources,"Env Sci, Policy, & Mgmt",Conserv & Resource Stds,Y,6,2015-16,(SIRed)
Clg of Natural Resources,"Env Sci, Policy, & Mgmt",Conserv & Resource Stds,Y,9,2016-17,(SIRed)
Clg of Natural Resources,"Env Sci, Policy, & Mgmt",Conserv & Resource Stds,Y,6,2017-18,(SIRed)
Clg of Natural Resources,"Env Sci, Policy, & Mgmt",Environmental Sciences,N,10,2015-16,(SIRed)
Clg of Natural Resources,"Env Sci, Policy, & Mgmt",Environmental Sciences,N,3,2016-17,(SIRed)
Clg of Natural Resources,"Env Sci, Policy, & Mgmt",Environmental Sciences,N,7,2017-18,(SIRed)
Clg of Natural Resources,"Env Sci, Policy, & Mgmt",Environmental Sciences,U,0,2016-17,(SIRed)
Clg of Natural Resources,"Env Sci, Policy, & Mgmt",Environmental Sciences,U,1,2017-18,(SIRed)
Clg of Natural Resources,"Env Sci, Policy, & Mgmt",Environmental Sciences,Y,3,2015-16,(SIRed)
Clg of Natural Resources,"Env Sci, Policy, & Mgmt",Environmental Sciences,Y,10,2016-17,(SIRed)
Clg of Natural Resources,"Env Sci, Policy, & Mgmt",Environmental Sciences,Y,2,2017-18,(SIRed)
Clg of Natural Resources,"Env Sci, Policy, & Mgmt",Forestry & Natural Resources,N,2,2015-16,(SIRed)
Clg of Natural Resources,"Env Sci, Policy, & Mgmt",Forestry & Natural Resources,N,4,2016-17,(SIRed)
Clg of Natural Resources,"Env Sci, Policy, & Mgmt",Forestry & Natural Resources,N,3,2017-18,(SIRed)
Clg of Natural Resources,"Env Sci, Policy, & Mgmt",Forestry & Natural Resources,U,0,2016-17,(SIRed)
Clg of Natural Resources,"Env Sci, Policy, & Mgmt",Forestry & Natural Resources,Y,2,2015-16,(SIRed)
Clg of Natural Resources,"Env Sci, Policy, & Mgmt",Forestry & Natural Resources,Y,0,2016-17,(SIRed)
Clg of Natural Resources,"Env Sci, Policy, & Mgmt",Forestry & Natural Resources,Y,0,2017-18,(SIRed)
Clg of Natural Resources,"Env Sci, Policy, & Mgmt",Molecular Environ Biology,N,3,2015-16,(SIRed)
Clg of Natural Resources,"Env Sci, Policy, & Mgmt",Molecular Environ Biology,N,7,2016-17,(SIRed)
Clg of Natural Resources,"Env Sci, Policy, & Mgmt",Molecular Environ Biology,N,6,2017-18,(SIRed)
Clg of Natural Resources,"Env Sci, Policy, & Mgmt",Molecular Environ Biology,U,1,2015-16,(SIRed)
Clg of Natural Resources,"Env Sci, Policy, & Mgmt",Molecular Environ Biology,U,0,2016-17,(SIRed)
Clg of Natural Resources,"Env Sci, Policy, & Mgmt",Molecular Environ Biology,U,2,2017-18,(SIRed)
Clg of Natural Resources,"Env Sci, Policy, & Mgmt",Molecular Environ Biology,Y,5,2015-16,(SIRed)
Clg of Natural Resources,"Env Sci, Policy, & Mgmt",Molecular Environ Biology,Y,8,2016-17,(SIRed)
Clg of Natural Resources,"Env Sci, Policy, & Mgmt",Molecular Environ Biology,Y,7,2017-18,(SIRed)
Clg of Natural Resources,"Env Sci, Policy, & Mgmt",Society and Environment,N,8,2015-16,(SIRed)
Clg of Natural Resources,"Env Sci, Policy, & Mgmt",Society and Environment,N,16,2016-17,(SIRed)
Clg of Natural Resources,"Env Sci, Policy, & Mgmt",Society and Environment,N,12,2017-18,(SIRed)
Clg of Natural Resources,"Env Sci, Policy, & Mgmt",Society and Environment,U,1,2015-16,(SIRed)
Clg of Natural Resources,"Env Sci, Policy, & Mgmt",Society and Environment,U,1,2016-17,(SIRed)
Clg of Natural Resources,"Env Sci, Policy, & Mgmt",Society and Environment,U,0,2017-18,(SIRed)
Clg of Natural Resources,"Env Sci, Policy, & Mgmt",Society and Environment,Y,11,2015-16,(SIRed)
Clg of Natural Resources,"Env Sci, Policy, & Mgmt",Society and Environment,Y,8,2016-17,(SIRed)
Clg of Natural Resources,"Env Sci, Policy, & Mgmt",Society and Environment,Y,8,2017-18,(SIRed)
Clg of Natural Resources,Nutritional Sciences & Tox,Nutritional Science,N,7,2015-16,(SIRed)
Clg of Natural Resources,Nutritional Sciences & Tox,Nutritional Science,N,5,2016-17,(SIRed)
Clg of Natural Resources,Nutritional Sciences & Tox,Nutritional Science,N,11,2017-18,(SIRed)
Clg of Natural Resources,Nutritional Sciences & Tox,Nutritional Science,U,1,2015-16,(SIRed)
Clg of Natural Resources,Nutritional Sciences & Tox,Nutritional Science,U,0,2016-17,(SIRed)
Clg of Natural Resources,Nutritional Sciences & Tox,Nutritional Science,U,0,2017-18,(SIRed)
Clg of Natural Resources,Nutritional Sciences & Tox,Nutritional Science,Y,5,2015-16,(SIRed)
Clg of Natural Resources,Nutritional Sciences & Tox,Nutritional Science,Y,8,2016-17,(SIRed)
Clg of Natural Resources,Nutritional Sciences & Tox,Nutritional Science,Y,4,2017-18,(SIRed)
Clg of Natural Resources,Plant & Microbial Biology,Genetics & Plant Biology,N,5,2015-16,(SIRed)
Clg of Natural Resources,Plant & Microbial Biology,Genetics & Plant Biology,N,2,2016-17,(SIRed)
Clg of Natural Resources,Plant & Microbial Biology,Genetics & Plant Biology,N,3,2017-18,(SIRed)
Clg of Natural Resources,Plant & Microbial Biology,Genetics & Plant Biology,U,1,2015-16,(SIRed)
Clg of Natural Resources,Plant & Microbial Biology,Genetics & Plant Biology,U,0,2016-17,(SIRed)
Clg of Natural Resources,Plant & Microbial Biology,Genetics & Plant Biology,Y,,2015-16,(SIRed)
Clg of Natural Resources,Plant & Microbial Biology,Genetics & Plant Biology,Y,0,2016-17,(SIRed)
Clg of Natural Resources,Plant & Microbial Biology,Genetics & Plant Biology,Y,2,2017-18,(SIRed)
Clg of Natural Resources,Plant & Microbial Biology,Microbial Biology,N,8,2015-16,(SIRed)
Clg of Natural Resources,Plant & Microbial Biology,Microbial Biology,N,7,2016-17,(SIRed)
Clg of Natural Resources,Plant & Microbial Biology,Microbial Biology,N,8,2017-18,(SIRed)
Clg of Natural Resources,Plant & Microbial Biology,Microbial Biology,U,1,2015-16,(SIRed)
Clg of Natural Resources,Plant & Microbial Biology,Microbial Biology,U,0,2016-17,(SIRed)
Clg of Natural Resources,Plant & Microbial Biology,Microbial Biology,U,2,2017-18,(SIRed)
Clg of Natural Resources,Plant & Microbial Biology,Microbial Biology,Y,5,2015-16,(SIRed)
Clg of Natural Resources,Plant & Microbial Biology,Microbial Biology,Y,5,2016-17,(SIRed)
Clg of Natural Resources,Plant & Microbial Biology,Microbial Biology,Y,5,2017-18,(SIRed)
Haas School of Business,Business,Business Administration,N,52,2015-16,(SIRed)
Haas School of Business,Business,Business Administration,N,56,2016-17,(SIRed)
Haas School of Business,Business,Business Administration,N,61,2017-18,(SIRed)
Haas School of Business,Business,Business Administration,U,1,2015-16,(SIRed)
Haas School of Business,Business,Business Administration,U,5,2016-17,(SIRed)
Haas School of Business,Business,Business Administration,U,2,2017-18,(SIRed)
Haas School of Business,Business,Business Administration,Y,35,2015-16,(SIRed)
Haas School of Business,Business,Business Administration,Y,39,2016-17,(SIRed)
Haas School of Business,Business,Business Administration,Y,34,2017-18,(SIRed)
